,cns_expressed
PRIM2,1
MGLL,1
S1PR2,1
PRDX5,1
PSMB4,1
SNRK,1
CDK11A,1
SLC47A1,1
HTR2C,1
RPSF,0
PTPMT1,1
BCL2L10,0
TSSK3,0
DDR1,1
SCN1A,1
PIP4K2C,1
PSMA2,1
US28,0
IGF2R,1
GCGR,1
FARSB,1
TERT,0
TLR9,0
PTGS1,1
SHBG,0
AGTR1,1
EPHB2,1
CA13,0
NCOR2,1
CYP1A2,0
TOP1,1
MAPK7,1
KCNQ3,1
SOS1,1
NPEPL1,1
PTPN6,1
PSMC6,1
PHOSPHO1,1
GLRB,1
VDR,0
THYA,0
SLC2A4,1
DCTPP1,1
PAH,1
ACVR1B,1
CDK6,1
MAP4K3,1
SPTSSB,1
MAP3K1,1
KCNC3,1
DNMT1,1
ARAF,1
STK26,1
CDC42BPB,1
SELE,0
SGK3,1
CRK2,0
DBF4,1
PIP4K2B,1
GLRA2,1
TEK,1
PSMD11,1
HTR3B,1
MAK,0
ADCK5,1
RARB,1
POLD2,1
CLK4,1
PARP1,1
TNK1,1
CSNK2A2IP,0
DRD4,1
PLA2G2E,0
ADRB2,1
GABRA3,1
STK10,1
AKT2,1
MAP3K4,1
TET3,1
KCNH2,1
PNLIP,0
CILK1,1
ATP4B,0
FECH,1
PDIA6,1
TAOK2,1
EIF2AK4,1
PPARG,1
ROCK2,1
STK16,1
AURKC,0
CALY,1
CRHR2,1
RPSA,1
BTK,1
NAE1,1
PRKX,1
MYLK,1
RPLX,0
RPSR,0
CYP1B1,1
HRH2,1
PDGFRA,1
KIF11,1
IDH1,1
CDK8,1
PSMD4,1
BLAACC-4,0
MMP12,0
PRNP,1
CHRM4,1
SRMS,0
LATS2,1
MAP4K4,1
RPL23A,1
APRT,1
FOLR2,1
RPSL,0
LNPEP,1
SBK1,1
MARK4,1
CACNA1D,1
HMOX2,1
HDAC2,1
STK32B,1
SIRT7,1
RPLV,0
MYO3A,1
STK25,1
PSMD3,1
CSNK2A2,1
GRIN3B,0
FOLH1,1
EPHA6,1
RIPK1,1
CXCR4,1
ESR2,0
IL1B,0
AKR1B1,1
BCHE,1
INS,0
CSNK1G3,1
MAPK1,1
SIGMAR1,1
PTPN1,1
ADRB1,1
ATP5A1,1
ADAM17,1
CASP7,1
CATSPER4,0
STK38L,1
IRAK4,1
ULK3,1
EPHB3,1
GNPTAB,1
SCN5A,1
METAP1,1
CYP2B6,0
XIAP,1
CMA1,0
AKT3,1
SIK2,1
GPX4,1
ADRA2B,1
TEAD4,1
MTNR1A,0
STK33,1
KCTD8,1
CTSB,1
GABRG1,1
HSD11B1,1
NUAK2,1
CAPNS1,1
S1PR3,1
RPL8,1
GRK5,1
RPL19,1
MUS81,1
USP7,1
MAP2K3,1
PSMB9,1
BAX,1
RPLN,0
SLCO1B3,0
ELAVL3,1
TACR2,1
SBK3,0
PRKAB1,1
MAST1,1
IRAK3,1
GABRB1,1
UBA6,1
EPHA4,1
CTRL,0
MYLK3,1
LEF,0
ROS1,1
ESR1,1
ERCC2,1
SLC47A2,0
CHEK2,1
SULT1A1,1
SSTR5,0
NOS3,1
EGFR,1
GABBR1,1
TYR,0
HRH4,0
APP,1
DNM1,1
AVPR1A,1
TAOK3,1
DUSP6,1
ERN2,0
MAP3K10,1
STK11,1
SIRT3,1
BAZ2B,1
SLC2A1,1
SLK,1
PSMB2,1
CAMK2D,1
SUP35,0
FAAH,1
TET1,1
SCARB1,1
HDAC8,1
OGFR,1
EPHX2,1
LRRK1,1
BLM,1
HTR1A,1
SCNN1A,1
PTK2B,1
CLK1,1
AHR,1
BRSK1,1
BCL9,1
ALK,1
POLE,1
RPMI,0
KCNE2,0
MAPK9,1
EPHA8,1
CYP2J2,1
HRH3,1
KCNA3,1
TGFB1,1
CAMK1D,1
ACVR1,1
RPOA,0
CSNK1E,1
PASK,1
KCNQ2,1
LONP1,1
HDAC3,1
CRHR1,1
OPRD1,1
MAP3K3,1
NOD1,1
RRM2B,1
SPHK2,1
RIDA,1
CA4,1
MYLK2,0
STK39,1
UBA1,1
ADRA2A,1
TXN,1
RARA,1
LOXL2,1
CCDC6,1
KCNQ5,1
CCNA1,1
CDPK1,0
HSPE1,1
FLT3,1
GRIN2D,1
KCNE4,1
RIPK3,1
CAMKK2,1
MAP2K5,1
ALDH1A1,1
TYRO3,1
NCOR1,1
CAMK1,1
NTSR1,1
DAPK1,1
TOP1MT,1
LTK,1
DHFRP1,0
TDP2,1
ALPL,1
EIF2AK1,1
BCL2L1,1
ADAMTS5,1
CAPN2,1
PSMD2,1
DHODH,1
ETHR,0
NR1H3,1
NEK6,1
CTSC,1
QPCT,1
PRMT3,1
OXTR,1
SENP2,1
SLC6A4,0
CTRC,0
ABCG2,1
CDK15,0
SLC28A2,0
ADCK1,1
HEXB,1
DCLK3,1
PAK4,1
CCND1,1
DBH,0
BRAF,1
PTGS2,1
HTR2B,0
HTR5B,0
CAPN9,1
IKBKG,1
RPSJ,0
ADRA1A,1
NR1H2,1
MEX-5,0
S1PR4,0
HDAC6,1
MKNK2,1
KCNE1,0
EDNRB,1
PEPD,1
WAS,1
KCNE3,1
DUSP3,1
MAP3K2,1
FGR,1
TOP1B,0
CACNB2,1
GROS,0
MCL1,1
TRPM8,1
RPS6KA2,1
CSK,1
NR3C1,1
SIRT2,1
IMPDH2,1
MUSK,0
ICAM1,1
WRN,1
STAT5B,1
KDR,1
ESRRG,1
PIK3CD,1
MAPK12,1
NLK,1
CDK2,1
SLC2A3,1
NTRK1,0
BAD,1
TNKS,1
CCND3,1
TNKS2,1
SLC22A8,1
IDO1,0
SLC10A1,0
MMP3,1
IP6K2,1
PKN1,1
TLK2,1
INHA,1
PI4KB,1
LRRK2,1
RPS6KA4,1
P2RX4,1
HTR7,0
GRIN2C,1
CCNE2,1
CDK17,1
LYN,1
ABCB1,1
PSMD7,1
PHGDH,1
IMPDH1,1
PTGR1,1
CSNK2A1,1
HSF1,1
HTR3A,0
MAP3K12,1
RPMC,0
MTCA1,0
MAP2K7,1
PPO3,0
MST1,1
SMO,1
AVPR2,0
CA6,0
ALOX12,0
LPDC,0
MAP3K19,0
PTPN11,1
PSMC1,1
PIK3C3,1
GPR55,0
STK4,1
ATP6V1A,1
RPSM,1
MERTK,1
TLR4,1
PRKAA2,1
METTL3,1
CA5B,1
CAMKK1,1
P2RY10,0
RPSP,0
MNAT1,1
MAP2K2,1
SIK3,1
GHSR,0
NPEPPS,1
PDGFRB,1
TOP2A,1
KIT,1
GRM3,1
RPMH,0
WASL,1
CAMK2G,1
PRKCB,1
CYP11B2,0
HDAC5,1
CCKAR,0
CTS1,1
PNMT,1
SLC19A1,1
ACE,1
FNTA,1
RPLF,0
CHRM1,1
CAPN1,1
CASK,1
DDC,1
DYRK1A,1
BCL2,1
ERAP2,1
TRPC5,1
METAP2,1
CA9,1
GRIN2A,1
NEK4,1
P2RX3,0
DNAK,1
MDM2,1
ACVR1C,1
PRKD2,1
TAC1,1
SLC16A1,1
RPLT,0
GRB2,1
NEDD8,1
RNPEPL1,1
TXK,0
NFKBIA,1
PSMB11,0
GRK6,1
RPL3,1
PRKCG,1
GRK7,0
UGT3A1,0
MAP3K8,1
MC3R,0
RAF1,1
ENPP1,1
CCNK,1
CCNY,1
SNU13,1
DDR2,1
PIK3R3,1
MC5R,0
CDK11B,1
HIPK1,1
HIPK4,1
PSMB8,1
ROCK1,1
ZNF215,0
CDK4,1
CDC25C,1
RRM2,1
PSMB10,1
DNPEP,1
RPSD,0
OXT,1
YKGO,0
MATK,1
DHFR,1
PIM1,1
OLA1,1
IKBKB,1
HIPK3,1
CCR1,1
MLNR,0
JUN,1
PRKG2,0
STING1,1
HCK,1
PSMD8,1
DYRK2,1
ACVR2B,1
BCL2A1,0
DNMT3A,1
EPHB1,1
STAT3,1
SRPK3,1
OSR1,1
FLT4,1
POLE2,0
CHRNB2,1
RPME,0
BBOX1,1
SLC29A1,1
LMTK3,1
GABRQ,1
CLK3,1
CDC7,1
MAPK6,1
PSMB5,1
HD1B,0
METTL14,1
MAP2K1,1
KCNC1,1
PRMT6,1
HTT,1
MRCA,1
TTR,1
CDKL2,1
PKNB,1
STK32C,1
PAK6,1
PEAK1,1
NCE103,0
MPL,0
KCNN2,1
HTR3D,0
CDKL5,1
TAT,0
COQ8B,1
CDK1,1
BAZ2A,1
SSTR4,0
FOXM1,1
SLC22A2,0
KLK4,0
CDC42BPA,1
BIRC2,1
GART,1
TNIK,1
TACC3,1
MRAY,0
RPS6KA3,1
AXL,1
SLC2A2,0
CATSPER1,0
ENR,1
LAP3,1
IGF1R,1
PIK3C2G,0
CTSZ,1
GABRG2,1
CA1,0
GRIN2B,1
PAK1,1
HNRNPA1,1
CA5A,0
CHRNA7,1
CA14,1
UBE2N,1
BUB1,1
ACVRL1,1
MARK3,1
TARDBP,1
GRIA1,1
NR4A2,1
BLAPER-2,0
GABRA5,1
RET,1
CREBBP,1
LVRN,0
TRPA1,0
DRD3,0
RPMD,0
CA,1
CYP2D6,1
PDPK1,1
P2RX1,1
PUP1,0
BMX,1
DMPK,1
SDO1,1
TSSK2,0
RNPEP,1
TPR,1
NR1D1,1
NEK11,1
PAK3,1
MAPK13,1
MAPK10,1
TBK1,1
CACNA2D1,1
HCAR2,0
PRKCI,1
PTK6,1
YKGM,0
GCK,1
RPLU,0
TCF7,1
OXSR1,1
GSTO1,1
TP53,1
SLC22A1,0
SIRT1,1
COQ8A,1
PIK3CA,1
GAK,1
CDKN1A,1
SIRT5,1
RPLC,0
MMP2,1
SCN2A,1
HUNK,1
TPH1,0
OPG071,0
MTNR1B,0
ADRA1B,1
JAK2,1
SLC16A3,1
CHRM5,1
RPL26L1,1
ARFGEF1,1
TNF,0
PSMC2,1
OPRM1,0
PHKG2,1
NANH,1
PRKCD,1
STK17B,1
TIE1,1
MAPK15,1
NEK9,1
XPNPEP3,1
RSL24D1,1
TRPM6,1
PLK4,1
PRKG1,1
BCL2L2,1
RPSI,0
PIK3R1,1
SUCLA2,1
HIPK2,1
POLD4,1
NEK5,0
RPLQ,0
CHRNA4,1
PRKCE,1
PDE4A,1
PRIM1,1
ADAMTS4,1
PHKA1,1
PBK,0
CHD1,1
HLA-A,1
RARG,1
PDE2A,1
KDM4B,1
CHUK,1
FYN,1
PSMA8,0
MAOB,1
PRKCA,1
U38,0
GROL,0
PTPRCAP,0
FABI,1
TP53RK,1
HTR1D,0
GRK1,0
RPL23,1
NEK8,1
GPR35,1
AURKB,1
EPHA3,1
HMGB1,1
CES2,1
RPLD,0
PIR,1
BDKRB1,0
MAP3K6,1
MAP3K7,1
STAT6,1
GSK3-BETA,1
CCKBR,1
CDK10,1
ULK2,1
FOLR1,1
CLPP,1
CES1,1
ABL1,1
XPO1,1
EPHA2,1
AGTR2,0
TTK,1
ETFB,1
RPLR,0
STK17A,1
BMPR2,1
HSPA1A,1
PKN3,1
CA3,0
PSMA1,1
CDK14,1
PSMA7,1
ATM,1
STK36,1
ANKK1,0
NEK3,1
WNK2,1
HRH1,1
AAK1,1
TNK2,1
GSK3A,1
GRIA3,1
CCNA2,1
CA7,1
CPA1,0
ASAH1,1
EPHA1,1
RNASEL,1
ABCB1A,0
DAPK2,1
MAP3K11,1
RPLO,0
PIK3CG,0
DAO,1
KARS1,1
PRKAG2,1
MMP1,0
EPHB4,1
WDR5,1
MMP9,0
NTSR2,1
SYNJ2,1
MAP3K15,0
CHRM3,1
CAMK4,1
ENPEP,1
KMT2A,1
MAP3K14,1
PRKACG,0
PRKCQ,1
HDAC11,1
PSMB1,1
RPLW,0
RIOK1,1
BMP2K,1
BOTA,0
PLK3,1
PDK1,1
GRIN1,1
SLC25A6,1
MPO,0
KCNN3,1
MPI,1
DPP4,1
RPSO,0
ADORA2A,0
TET2,1
NR1H4,0
PNCK,1
MAOA,1
BMPR1B,1
PHKA2,1
WEE2,0
TDO2,0
HTR6,1
EPHA5,1
USP14,1
AKR1C4,0
POS-1,0
MAP3K20,1
INSRR,0
MAP3K9,1
MAP4K2,1
KCTD12,1
GBA1,1
VEGFA,1
NUAK1,1
SNCA,1
LIMK2,1
PAK2,1
TLK1,1
RPMG,0
CSNK1A1L,0
CTSS,1
CAMK1G,1
SLC22A3,1
STK24,1
ILK,1
CYNT,1
EPHB6,1
RPLM,0
ERN1,1
KSR1,1
GRIA4,1
SYK,1
TH,1
CASP1,1
FGFR1,1
CSF1R,1
RB1,1
PRKD3,1
NEK10,1
PIK3R2,0
KDM1A,1
TBXA2R,1
ATP5C1,1
ECE1,1
NFKB1,1
CYP2C9,0
DLAT,1
CASP3,1
STK35,1
EIF2AK2,1
CDK13,1
PAK5,1
PRKAG1,1
PIP5K1A,1
GNRHR,0
DOHH,1
YAP1,1
CLK2,1
PMM2,1
SGK2,1
MDH1,1
SLC25A5,1
RPS6KB1,1
PRKCZ,1
CHRNA1,0
ALOX5,1
PTK2,1
RPSQ,0
EIF2A,1
BDKRB2,1
HTR5A,1
GABRA4,1
ACHE,1
FIBCD1,1
CSNK2B,1
MTOR,1
RCE1,1
ENV,0
CACNA1C,1
POLA2,1
GABRD,1
BIRC3,1
PRKCH,1
PSMA5,1
POLD3,1
MKNK1,1
CDC25B,1
PRE3,0
PTGIR,1
SCN3A,1
MELK,1
CATSPER2,1
RPL13A,1
PSMA6,1
CALM1,1
RPLL,0
RRM1,1
PIM2,1
NIM1K,1
PKM,1
HDAC1,1
NORA,1
GABRA1,1
RPSB,0
NTRK2,1
RIOK2,1
NPY2R,0
RPL37,1
XPNPEP1,1
HDAC7,1
CSNK1A1,1
SORT1,1
NSD2,1
CDK20,1
SLC12A5,1
HSP90AB1,1
TNNI3K,0
GABRE,1
SIRT6,1
HSD17B2,0
KCNQ1,1
BCR,1
KCNC2,1
ANPEP,1
PRP4K,1
KCNJ4,1
PSMB6,1
PLK2,1
SUGE,1
IRF3,1
RCOR3,1
HEXA,1
NEK2,1
HSP90AA1,1
ADA,1
CDK7,1
HTR1B,0
CCNE1,1
CSNK1G2,1
ATIC,1
AOX1,1
ATP5B,1
ATP1A1,1
EHMT2,1
RPOC,0
TRPV1,0
STK32A,1
CDK16,1
FABG,1
CASP9,1
POU2F2,1
KCNA5,1
HMGCR,1
IKBKE,1
TAB1,1
PDE5A,1
CHEK1,1
SRC,1
GRM2,1
CDK9,1
GSK3B,1
ACER2,0
NEK7,1
ERBB2,1
PSMD1,1
HTR4,0
HTR3C,0
SGK1,1
MMP8,0
PRKAB2,1
PIM3,1
KCNH1,1
FES,1
CYP2E1,1
TSPO,1
MAP2K6,1
ALOX15,0
CCNC,1
PSMB3,1
FBP1,1
PPO1,0
ADRB3,0
RPLE,0
RPLB,0
OPRL1,1
PIK3CB,1
BLA,1
CNR1,1
FGFR2,1
GABBR2,1
HDAH,0
NPY1R,1
RPST,0
MDM4,1
ATP2A1,1
GLRA1,0
TCF4,1
CTSA,1
RAC1,1
HDAC10,1
NFKB2,1
SEM1,1
ERAP1,1
VCP,1
MTR,1
MAP3K21,1
SF3B3,1
CHRM2,0
HTR1F,0
CCNB2,1
PKN2,1
MAP3K13,1
RPSU,0
TACR1,1
VRK2,1
GSDMD,1
RORC,1
RPLA,0
GRK4,1
LOXL3,1
DSTYK,1
DCLK2,1
ADORA1,1
CYCS,1
PRKD1,1
DRD5,1
PARP2,1
CDKL3,0
POU2F1,1
PGR,1
MAP2K4,1
CCR8,0
GBF1,1
DLK1,1
DAPK3,1
HDAC9,1
RPS6KA6,1
IDO2,0
PDE4B,1
MAPK3,1
RPLJ,0
GBA,1
ULK1,1
NCOA3,1
CA15,1
MARK2,1
TRPV4,1
PETD,0
HSD17B1,1
POL,1
ABCA1,1
BRSK2,1
POLE3,1
RIOK3,1
CDK19,1
TDP1,1
TGFBR2,1
F2RL1,0
GRIK2,1
PSMC3,1
CAMK2B,1
CYP3A4,0
TEC,0
SLC25A4,1
S,0
CTSH,1
MAPK14,1
STK3,1
CSNK1D,1
GABRB2,1
GABRB3,1
EZH2,1
SLC6A2,0
CDC25A,0
ALB,0
PKD2,1
TOP2B,1
MST1R,0
RPS6KA5,1
OPRK1,1
TYMS,1
APEX1,1
GPM3,0
JAK1,1
MC4R,0
MAPKAPK2,1
NS3,1
REP,1
PSMC5,1
RPL10L,0
AKR1C2,1
P4HB,1
ADRA1D,1
KCNS3,1
GRIN3A,1
F13A1,1
KCNAB2,1
TSSK1B,0
GRK3,1
CSNK1G1,1
PDE4D,1
RPL11,1
PLK1,1
NTRK3,1
KCTD16,1
CA12,1
AMPC,0
GABRP,0
NISCH,1
SRPK2,1
CYTH2,1
PSMD12,1
PDE7B,1
KIF5B,1
CDK18,1
FOXO1,1
RPS6KA1,1
CYP19A1,1
RIPK4,1
HDAC4,1
UBE2M,1
RPLS,0
RPLK,0
PSMD14,1
CISD1,1
PPME1,1
ALDH2,1
MAPKAPK5,1
XPNPEP2,1
PRKAG3,0
AKR1B10,0
CRBN,1
CASP8,1
POLD1,1
PLCG1,1
RAB9A,1
CBR1,1
DRD2,1
RPS6KB2,1
MAPKAPK3,1
LATS1,1
CACNA1S,1
DYRK4,1
BRD4,1
CYP3A5,0
PHKG1,1
GAA,1
POLE4,1
INSR,1
GRK2,1
P2RX2,0
SLC46A1,1
AOPEP,1
PRKACA,1
MYT1,1
PSMD6,1
TYK2,1
PIP5K1C,1
HASPIN,0
MAPK8,1
HTR1E,1
RPMA,0
RPL15,1
HTR3E,0
ELANE,0
LOXL4,1
NOS1,1
NAPRT,1
P2RY12,1
FER,1
IPMK,1
PSMA3,1
NQO2,1
GABRA6,1
AR,1
BCL2L2-PABPN1,0
CCNO,0
RPOZ,0
MAP4K1,1
F3,1
USP2,1
DYRK1B,1
CTRB1,0
SLC6A3,1
MET,1
1272966,0
TXNRD1,1
UBA3,1
BACE1,1
CDK5,1
SSTR3,1
RPSS,0
P2RX7,1
CASP6,1
MINK1,1
PORCN,1
CCNH,1
JAK3,1
CDK3,0
TBXAS1,1
TAOK1,1
ABCC1,1
DCLK1,1
GABRG3,1
PDE4C,1
HSP90AB2P,0
MAPK11,1
RPLY,1
ASPH,1
ARFGEF2,1
GABRA2,1
HMOX1,1
EZH1,1
RPSH,0
EPAS1,1
RELA,1
KRAS,1
PSMB7,1
ADORA3,0
ATG7,1
FGFR3,1
CYP2C19,0
MMP13,0
ACVR2A,1
MAPK4,1
PIK3C2B,1
PFMRK,0
FRK,1
FGFR4,1
YARS1,1
FPGS,1
FDPS,1
MED23,1
METAP1D,1
PSMD13,1
GFER,1
STK38,1
ZAP70,1
ALOX15B,1
EDNRA,1
PRMT5,1
CDK12,1
AKT1,1
HDA106,0
PDE7A,1
THRAP3,1
TRAI,1
TMPRSS4,0
SIK1,0
SAE1,1
DRD1,1
RPSK,1
HSPD1,1
MYO3B,0
LCK,0
AURKA,1
ADRM1,1
PTR1,0
ATP4A,1
PPO4,0
TXN2,1
PNP,1
TSSK6,0
LIMK1,1
RPMB,0
CNR2,0
CDC42,1
CCNT2,1
CAMK2A,1
ARF1,1
PSBA,0
HTR2A,1
RPMJ,1
CTNNB1,1
GARS1,1
MYLK4,0
KSR2,1
PRKACB,1
MAP3K5,1
CMPK1,1
GRIA2,1
RPSN,0
PSMA4,1
SSTR2,1
RPSC,0
EPHA7,1
CA2,1
PRKAA1,1
SRPK1,1
RIPK2,1
ITK,0
IRAK1,1
CDKL1,1
CSNK2A3,1
CCND2,1
SPHK1,1
CTSG,0
PTCH1,1
POLA1,1
BMPR1A,1
WEE1,1
CTSL,1
RGS17,1
MARK1,1
RASGRP3,1
KCNA2,1
UBA2,1
POLR2A,1
NEK1,1
TGFBR1,1
YES1,1
LTA4H,1
CTSK,1
NOX4,1
MAP4K5,1
GLO1,1
ADORA2B,1
RPOB,0
TESK1,1
BLK,0
XDH,0
LOX,1
MMP14,1
ERBB4,1
CIT,1
CACNA1F,1
PKD2L1,1
ADRA2C,1
CDK5R1,1
PPO2,0
NPSR1,0
TMEM97,1
RPSG,0
RPMF,0
PKMYT1,1
PIP4K2A,1
RPLP,1
GRM4,1
FLT1,1
CCNB1,1
HK2,1
CDC42BPG,1
PTPN2,1
METG,0
HIF1A,1
PTPRS,1
EHMT1,1
AKR1C3,1
PHKB,1
ERBB3,1
CCR2,0
CCNT1,1
M6PR,1
CATSPER3,0
PSMC4,1
NR1I2,0
ABL2,1
NFE2L2,1
INCENP,1
GSR,1
CCNB3,0
RPSE,0
USP1,1
CYP2C8,0
ESRRA,1
NLRP3,1
DYRK3,1
